nms_sigma,pre_nms_topk,max_seg_num,mAP_all,mAP_overlap,mAP_non_overlap,overlap_ratio,time_s
0.5,2000,2000,0.6903463563265715,0.20770293365223905,0.4370916201242352,0.14949374627754616,61.38781404495239
0.5,2000,3000,0.690391851486406,0.20771385778816764,0.4371177631981068,0.14949374627754616,77.93291115760803
0.5,2000,4000,0.6904124323560995,0.20771312352875518,0.4371323008609943,0.14949374627754616,86.66223168373108
0.5,2000,5000,0.6904218138104301,0.2077130240700389,0.43713856568563114,0.14949374627754616,92.31854724884033
0.5,3000,2000,0.6903299290909144,0.20770190080503464,0.43709706614314275,0.14949374627754616,65.21475148200989
0.5,3000,3000,0.6903663123841557,0.2077064262319556,0.43712003832344104,0.14949374627754616,77.59293937683105
0.5,3000,4000,0.6903808146907822,0.20770681412109077,0.4371280644791729,0.14949374627754616,88.94575905799866
0.5,3000,5000,0.6903928110794662,0.2077067992501394,0.43713861104992535,0.14949374627754616,110.33229327201843
0.5,4000,2000,0.6903299504573571,0.2077019112691915,0.4370968370454162,0.14949374627754616,110.93991446495056
0.5,4000,3000,0.690360772319489,0.20771259706157225,0.4371141615099464,0.14949374627754616,130.82833552360535
0.5,4000,4000,0.6903724124265143,0.20771044142139514,0.4371217361000279,0.14949374627754616,147.1272041797638
0.5,4000,5000,0.6903834389237995,0.20771050434337263,0.43713149864442774,0.14949374627754616,164.5460605621338
0.5,5000,2000,0.6903299530346397,0.2077019112275019,0.43709683938683275,0.14949374627754616,104.22715973854065
0.5,5000,3000,0.6903600817994148,0.20771244595100063,0.4371138287834727,0.14949374627754616,131.87086582183838
0.5,5000,4000,0.6903685013936375,0.20770994660492553,0.4371204114485277,0.14949374627754616,134.93083667755127
0.5,5000,5000,0.6903772051085916,0.20770855348534717,0.4371281601737917,0.14949374627754616,103.0582492351532
0.5,6000,2000,0.6903299529147244,0.2077019086049528,0.43709683861343224,0.14949374627754616,68.37822699546814
0.5,6000,3000,0.6903568777227506,0.20771040618585945,0.4371111271629527,0.14949374627754616,83.10313820838928
0.5,6000,4000,0.6903664820300554,0.20770814993947648,0.43711965762391003,0.14949374627754616,92.6839530467987
0.5,6000,5000,0.690374092249466,0.20770676140985772,0.4371265854501032,0.14949374627754616,101.76660490036011
0.55,2000,2000,0.6905804415209378,0.2077188348241393,0.4374212329697006,0.14949374627754616,63.9040801525116
0.55,2000,3000,0.6906233040914369,0.20772686293933287,0.43744082636587756,0.14949374627754616,81.77687954902649
0.55,2000,4000,0.690638850675892,0.2077271776123429,0.43745151601219134,0.14949374627754616,90.59582090377808
0.55,2000,5000,0.6906457863967375,0.20772700344397083,0.4374571219460135,0.14949374627754616,96.83496952056885
0.55,3000,2000,0.6905653659873547,0.207716678836018,0.4374281656040796,0.14949374627754616,65.75494337081909
0.55,3000,3000,0.6906020164748833,0.2077212916118584,0.43744295867854943,0.14949374627754616,79.85913181304932
0.55,3000,4000,0.6906189078046767,0.20772117240883908,0.43745380727782734,0.14949374627754616,92.63930106163025
0.55,3000,5000,0.6906271829517798,0.20772113698035652,0.43746184612542266,0.14949374627754616,101.38628458976746
0.55,4000,2000,0.6905648844152654,0.2077166895347661,0.4374279760993668,0.14949374627754616,67.00592517852783
0.55,4000,3000,0.690600561767667,0.20772735354260705,0.43743985229502497,0.14949374627754616,80.48386788368225
0.55,4000,4000,0.6906115210826486,0.20772507263206413,0.4374476475837013,0.14949374627754616,92.93922996520996
0.55,4000,5000,0.6906222503915147,0.20772510200388386,0.43745885016484803,0.14949374627754616,104.51610064506531
0.55,5000,2000,0.6905648859482938,0.20771668937082585,0.43742797876397865,0.14949374627754616,68.1800971031189
0.55,5000,3000,0.6905994905970136,0.20772632407078015,0.43743950280759647,0.14949374627754616,81.81391096115112
0.55,5000,4000,0.6906074300485432,0.20772447887947137,0.43744610409640494,0.14949374627754616,94.96421027183533
0.55,5000,5000,0.6906141387524648,0.20772330669699116,0.43745397159187976,0.14949374627754616,105.29123497009277
0.55,6000,2000,0.6905648862653704,0.20771668692348566,0.4374279791114907,0.14949374627754616,69.00125503540039
0.55,6000,3000,0.69059667673271,0.20772427525314852,0.4374372154683647,0.14949374627754616,82.81308460235596
0.55,6000,4000,0.690605666346308,0.20772269654473136,0.4374455037893544,0.14949374627754616,96.12819981575012
0.55,6000,5000,0.6906130206494447,0.20772158187238382,0.4374523438277159,0.14949374627754616,105.28709244728088
0.58,2000,2000,0.6907787935380358,0.20768926584914754,0.4376780257613406,0.14949374627754616,64.32391428947449
0.58,2000,3000,0.6908239868110264,0.20769894510600523,0.4377016464343436,0.14949374627754616,79.74679255485535
0.58,2000,4000,0.6908375986457013,0.20770022981786757,0.4377106821896901,0.14949374627754616,93.70153617858887
0.58,2000,5000,0.6908449117460952,0.20770000627630822,0.4377163885442517,0.14949374627754616,97.67716360092163
0.58,3000,2000,0.6907676904567862,0.20768985606184837,0.43768413326404076,0.14949374627754616,65.40804743766785
0.58,3000,3000,0.6908077498589045,0.20769393105152104,0.4377085140703911,0.14949374627754616,81.48707628250122
0.58,3000,4000,0.6908165590326856,0.20769469539905647,0.4377131049986551,0.14949374627754616,93.24397778511047
0.58,3000,5000,0.6908248985817882,0.2076946155426731,0.43772084569318903,0.14949374627754616,102.50517725944519
0.58,4000,2000,0.6907674417573606,0.20768989102956228,0.4376836746454241,0.14949374627754616,67.13148260116577
0.58,4000,3000,0.6908056646894909,0.20769935386058452,0.4377036007463495,0.14949374627754616,82.76972556114197
0.58,4000,4000,0.6908152156674124,0.2076979562716052,0.4377104296189649,0.14949374627754616,93.99838423728943
0.58,4000,5000,0.6908207783084592,0.2076983293177787,0.4377180069636709,0.14949374627754616,104.63014221191406
0.58,5000,2000,0.6907674458615273,0.2076898929367971,0.43768367911972994,0.14949374627754616,68.72783923149109
0.58,5000,3000,0.6908032645385426,0.20769931972478212,0.4377010817546492,0.14949374627754616,83.83322429656982
0.58,5000,4000,0.6908098634838511,0.20769720760172924,0.43770860452735805,0.14949374627754616,95.1046507358551
0.58,5000,5000,0.6908120379282607,0.20769624238999956,0.4377130974817244,0.14949374627754616,105.30106091499329
0.58,6000,2000,0.6907674455252153,0.2076898929367971,0.4376836788445244,0.14949374627754616,69.78165316581726
0.58,6000,3000,0.6908023794981548,0.20769725776388395,0.43770082189871395,0.14949374627754616,83.94943308830261
0.58,6000,4000,0.690809280790954,0.20769486414570898,0.4377092153999026,0.14949374627754616,95.73959279060364
0.58,6000,5000,0.6908117291487315,0.2076945054806385,0.4377119855325895,0.14949374627754616,105.3899917602539
0.6,2000,2000,0.6910109648737721,0.20765017214700476,0.43793423352755967,0.14949374627754616,64.24755859375
0.6,2000,3000,0.691045020619734,0.20765898061376636,0.43794850347381437,0.14949374627754616,80.33683371543884
0.6,2000,4000,0.6910624479917542,0.2076602618376749,0.4379590925752229,0.14949374627754616,93.5644896030426
0.6,2000,5000,0.6910695022566709,0.20766004217284567,0.4379650851100748,0.14949374627754616,101.05627584457397
0.6,3000,2000,0.6909992933948291,0.20765092026226073,0.43793651966785746,0.14949374627754616,67.98901176452637
0.6,3000,3000,0.6910302113259967,0.20765416642416076,0.43795652434374627,0.14949374627754616,81.11058139801025
0.6,3000,4000,0.6910418626691378,0.2076549394515633,0.4379628249972044,0.14949374627754616,94.36496424674988
0.6,3000,5000,0.6910496998923692,0.2076551899197409,0.4379696659553911,0.14949374627754616,106.19348931312561
0.6,4000,2000,0.6909989273569799,0.20765093956209948,0.43793560032039885,0.14949374627754616,69.381915807724
0.6,4000,3000,0.6910314815393761,0.20765977606487876,0.4379554433403111,0.14949374627754616,81.7805449962616
0.6,4000,4000,0.6910398285327213,0.2076583545717877,0.4379592945309304,0.14949374627754616,94.68099617958069
0.6,4000,5000,0.6910475631663229,0.20765869371522644,0.43796838009282724,0.14949374627754616,107.05454206466675
0.6,5000,2000,0.6909983827601647,0.20765094182927388,0.437935602433505,0.14949374627754616,69.97258591651917
0.6,5000,3000,0.6910298898377514,0.20765977094310623,0.4379538148109662,0.14949374627754616,83.27046203613281
0.6,5000,4000,0.6910358434875638,0.20765762398715895,0.43795725838001626,0.14949374627754616,96.80286931991577
0.6,5000,5000,0.6910434189911356,0.20765663234883705,0.4379662502062588,0.14949374627754616,106.56270146369934
0.6,6000,2000,0.6909983821236296,0.20765094182927388,0.4379356019124462,0.14949374627754616,71.19766163825989
0.6,6000,3000,0.6910292564525935,0.20765771098128077,0.4379535003996324,0.14949374627754616,85.06942176818848
0.6,6000,4000,0.6910330470399345,0.20765586651194487,0.43795686644468984,0.14949374627754616,97.09476327896118
0.6,6000,5000,0.691039299478338,0.20765491644644046,0.43796352855323406,0.14949374627754616,109.33313155174255
0.62,2000,2000,0.6908615278137759,0.2076227867492276,0.4379598784379345,0.14949374627754616,65.35235118865967
0.62,2000,3000,0.6908927285544705,0.2076295959318096,0.43797356798712633,0.14949374627754616,80.48005199432373
0.62,2000,4000,0.690907818303837,0.20763060968242003,0.43798408834939223,0.14949374627754616,94.73369002342224
0.62,2000,5000,0.6909155212287164,0.20763037654459288,0.43798985785435446,0.14949374627754616,101.9630515575409
0.62,3000,2000,0.6908549311564772,0.20762146199896053,0.43796586065784,0.14949374627754616,66.63160014152527
0.62,3000,3000,0.6908812638616184,0.20762634852904802,0.4379829217638438,0.14949374627754616,81.61080431938171
0.62,3000,4000,0.6908900450490327,0.20762760566686406,0.4379883237539011,0.14949374627754616,95.4746446609497
0.62,3000,5000,0.6908997255206926,0.20762783630309484,0.437997005909197,0.14949374627754616,105.2672643661499
0.62,4000,2000,0.6908549606548778,0.20762147443750467,0.4379653818748828,0.14949374627754616,68.04730033874512
0.62,4000,3000,0.6908810233707567,0.2076328585790738,0.4379797568623687,0.14949374627754616,82.82322716712952
0.62,4000,4000,0.6908880465441913,0.20763107355656776,0.43798485863408426,0.14949374627754616,96.25544810295105
0.62,4000,5000,0.6908964970351779,0.20763142111729077,0.43799473615787843,0.14949374627754616,106.84973335266113
0.62,5000,2000,0.6908549623083119,0.20762147443750467,0.43796538384047645,0.14949374627754616,70.33290147781372
0.62,5000,3000,0.690880537514025,0.2076325189781723,0.43797976761635804,0.14949374627754616,84.69926905632019
0.62,5000,4000,0.6908854545454879,0.2076308346736631,0.4379841004907298,0.14949374627754616,97.65436673164368
0.62,5000,5000,0.6908922177087591,0.20762936229090348,0.4379927688069663,0.14949374627754616,107.74205589294434
0.62,6000,2000,0.6908549626125955,0.20762147380061644,0.4379653841864027,0.14949374627754616,71.81185483932495
0.62,6000,3000,0.690879553204457,0.20763047366574097,0.43797962300141624,0.14949374627754616,86.71269083023071
0.62,6000,4000,0.6908837575472419,0.2076286329371008,0.43798434923048984,0.14949374627754616,98.93043351173401
0.62,6000,5000,0.6908908586125342,0.20762768238502255,0.43799091683799035,0.14949374627754616,107.92830348014832
0.65,2000,2000,0.6907325692064422,0.20754404186126224,0.4381031804265674,0.14949374627754616,65.97433924674988
0.65,2000,3000,0.6907618258680162,0.20755239541166276,0.43811649281262743,0.14949374627754616,81.65657186508179
0.65,2000,4000,0.6907769757081644,0.20755289860484472,0.4381274393096614,0.14949374627754616,95.68298506736755
0.65,2000,5000,0.6907827958699198,0.20755264899167294,0.4381333218343255,0.14949374627754616,104.23121523857117
0.65,3000,2000,0.6907264635742357,0.2075414966791816,0.4381119336592258,0.14949374627754616,67.82373809814453
0.65,3000,3000,0.6907504541198344,0.207549289599641,0.43812608227098604,0.14949374627754616,83.61712145805359
0.65,3000,4000,0.690759939951864,0.20754999932831666,0.4381314449962187,0.14949374627754616,95.76967024803162
0.65,3000,5000,0.6907684431744491,0.20755104932350948,0.43813950923643297,0.14949374627754616,107.53289604187012
0.65,4000,2000,0.6907259316068969,0.20754150401080312,0.4381117060737319,0.14949374627754616,69.61072039604187
0.65,4000,3000,0.6907522670502309,0.2075557748886155,0.4381233027662219,0.14949374627754616,85.38867259025574
0.65,4000,4000,0.6907574227980106,0.20755349227366698,0.4381277056184295,0.14949374627754616,97.17247867584229
0.65,4000,5000,0.6907644080249318,0.20755314646259385,0.438137081955645,0.14949374627754616,108.52740550041199
0.65,5000,2000,0.690725932838703,0.2075415019071946,0.4381117075838379,0.14949374627754616,71.4364857673645
0.65,5000,3000,0.690750360407663,0.20755576902282397,0.4381232981304617,0.14949374627754616,87.12494778633118
0.65,5000,4000,0.6907558305529832,0.20755327523389377,0.4381276215434484,0.14949374627754616,98.1330988407135
0.65,5000,5000,0.6907610857466016,0.20755178572897076,0.43813501685815137,0.14949374627754616,109.34534621238708
0.65,6000,2000,0.6907259326143803,0.20754150401080312,0.4381117073417962,0.14949374627754616,72.92730355262756
0.65,6000,3000,0.690749501881966,0.20755230302512656,0.43812267926377224,0.14949374627754616,87.9115879535675
0.65,6000,4000,0.6907545574603607,0.20755155843101294,0.4381273304518736,0.14949374627754616,100.92601656913757
0.65,6000,5000,0.6907605888957826,0.2075501444209738,0.43813398753642907,0.14949374627754616,109.82553958892822
0.7,2000,2000,0.6903062199846278,0.20727673273317002,0.43806758769802184,0.14949374627754616,67.35828924179077
0.7,2000,3000,0.6903356788413697,0.20728557437211675,0.438078114424788,0.14949374627754616,83.65956473350525
0.7,2000,4000,0.6903526070348358,0.2072858157174562,0.43809107061694075,0.14949374627754616,97.22228693962097
0.7,2000,5000,0.6903605914892775,0.20728559630308033,0.43809808286834323,0.14949374627754616,107.51568627357483
0.7,3000,2000,0.6902977765383415,0.20727590032804377,0.43807276663563643,0.14949374627754616,68.97534489631653
0.7,3000,3000,0.6903241130941397,0.20728256682236185,0.43808559257182544,0.14949374627754616,84.6589732170105
0.7,3000,4000,0.6903361475116405,0.20728194244882828,0.43809698575522865,0.14949374627754616,98.05029034614563
0.7,3000,5000,0.6903418743155323,0.20728307639110777,0.4381020355373712,0.14949374627754616,111.46673130989075
0.7,4000,2000,0.6902973907665777,0.2072759166819788,0.4380723258746859,0.14949374627754616,71.5325379371643
0.7,4000,3000,0.6903283416160715,0.20728835716049873,0.4380862015591814,0.14949374627754616,86.10340189933777
0.7,4000,4000,0.6903311196618056,0.20728555559475031,0.43809050544192935,0.14949374627754616,100.87755608558655
0.7,4000,5000,0.690337766033503,0.20728524442912938,0.43809939183166213,0.14949374627754616,111.71119856834412
0.7,5000,2000,0.69029739259533,0.20727591865386294,0.43807232656692807,0.14949374627754616,72.75763702392578
0.7,5000,3000,0.6903257378380381,0.20728835303773874,0.4380862112005765,0.14949374627754616,88.03365683555603
0.7,5000,4000,0.6903293414811873,0.20728537880342426,0.43809084071307225,0.14949374627754616,102.10101985931396
0.7,5000,5000,0.6903341666188787,0.20728393106262483,0.43809789311193326,0.14949374627754616,113.9649670124054
0.7,6000,2000,0.6902973927358247,0.20727591865386294,0.4380723264118524,0.14949374627754616,74.54744458198547
0.7,6000,3000,0.6903255085306795,0.2072852440388126,0.43808596991590354,0.14949374627754616,90.3051507472992
0.7,6000,4000,0.6903274442013934,0.20728367600123349,0.43809006886894875,0.14949374627754616,102.5214774608612
0.7,6000,5000,0.6903339386960644,0.20728234310710314,0.4380966643739489,0.14949374627754616,114.99659943580627
